{
  "feature_order": [
    "Age_rank",
    "Sex",
    "Education",
    "Hearing",
    "Race",
    "Activities",
    "TG",
    "CHO",
    "Tinnitus",
    "Dairy",
    "Smoke",
    "HBP",
    "GLU",
    "Drink",
    "BMI_rank"
  ],
  "mappings": {
    "Age_rank": {
      "0": -2.53040757902146,
      "1": -2.140333441192837,
      "2": -1.7502593033642138,
      "3": -1.3601851655355908,
      "4": -0.9701110277069677,
      "5": -0.5800368898783446,
      "6": -0.18996275204972146,
      "7": 0.20011138577890164,
      "8": 0.5901855236075247,
      "9": 0.9802596614361478,
      "10": 1.370333799264771,
      "11": 1.760407937093394,
      "12": 2.1504820749220173
    },
    "Sex": {
      "1": -1.2750056793581062,
      "2": 0.7843102318598644
    },
    "Education": {
      "1": -2.097189930535117,
      "2": -1.267311834298603,
      "3": -0.4374337380620891,
      "4": 0.39244435817442486,
      "5": 1.2223224544109388,
      "6": 2.052200550647453
    },
    "Hearing": {
      "0": -0.4684897385698414,
      "2": 1.9791587458743898,
      "3": 4.426807230318621
    },
    "Race": {
      "1": 1.8035392839554396,
      "2": 2.5347633113970294,
      "3": 4.773929113910824,
      "4": 2.0003436724759567
    },
    "Activities": {
      "1": -0.4751560218252733,
      "2": 1.0150439387877783,
      "3": 2.5052438994008295,
      "5": 3.995443860013881
    },
    "TG": {
      "0": -1.04682204957455,
      "1": 0.029355914669346395,
      "2": 1.1055338789132427
    },
    "CHO": {
      "0": -1.2639703565411586,
      "1": -0.10616023991946744,
      "2": 1.0516498767022238
    },
    "Tinnitus": {
      "0": -0.37922588332294266,
      "1": 2.636950809468921
    },
    "Dairy": {
      "1": -1.3431277724538597,
      "2": -0.6754665478264711,
      "3": -0.007805323199082492,
      "4": 0.6598559014283061,
      "5": 1.3275171260556948
    },
    "Smoke": {
      "0": 1.051489029711463,
      "1": 5.935969756780068,
      "2": 3.5623671141660673
    },
    "HBP": {
      "0": -0.7302724978572197,
      "1": 0.23909119357808264,
      "2": 1.2084548850133852,
      "3": 2.1778185764486877
    },
    "GLU": {
      "0": -0.47247693978906835,
      "1": 0.8267229655559116,
      "2": 2.1259228709008915
    },
    "Drink": {
      "0": 1.5702701585994048,
      "1": 7.868851550480834,
      "2": 3.5042044115221382
    },
    "BMI_rank": {
      "0": -0.9138797725332624,
      "1": 0.10785280247349244,
      "2": 1.1295853774802473
    }
  }
}